ECOI01;
ECOI02;
ECOI03;
EMEI02;
FISI01;
HUMI01;
HUMI02;
MATI01;
MATI02;
ECOI04;
EELI02;
EELI03;
EMEI06;
EMTI02;
EMTI03;
FISI02;
FISI03;
MATI03;
ECOI08;
ECOI61;
EMBI02;
EMEI07;
EMEI08;
FISI04;
HUMI06;
MATI06;
MATI07;
ECOI09;
EELI07;
FISI05;
FISI07;
MATI04;
MATI05;
MATI08;
ECAI26;
ECOI10;
ECOI11;
ECOI12;
ECOI14;
EELI10;
EELI11;
FISI06;
ECAI29;
ECOI15;
ECOI16;
ECOI32;
EELI12;
EELI13;
EELI14;
EELI15;
ECAI04;
ECAI11;
ECAI13;
ECAI44;
ECOI13;
ECOI18;
ECOI19;
ECOI33;
ECAI05;
ECAI07;
ECOI07;
ECOI21;
ECOI24;
ECOI26;
EPRI30;
EAMI30;
ECOI20;
ECOI22;
ECOI23;
ECOI25;
EPRI02;
EPRI04;
HUMI04;
TCCI01;